2006,laravel,29
2006,vuejs,29
2006,numpy,22
2006,tensorflow,19
2006,luna,0
2006,pytorch,28
2006,angularjs,0
2006,scikit,22
2006,caffe2,29
2006,libgit2,0
2006,flask,19
2006,nervjs,0
2006,cntk,22
2006,react,28
2006,spark,29
2006,rust,30
2006,keras,22
2006,incubator,29
2006,redis,19
2006,pandas,22
2006,angular,3
2006,bitcoin,19
2006,curl,3
2006,mesos,0
2006,git,19
2007,laravel,444
2007,vuejs,445
2007,numpy,403
2007,tensorflow,373
2007,luna,2
2007,pytorch,433
2007,angularjs,2
2007,scikit,403
2007,caffe2,444
2007,libgit2,0
2007,flask,373
2007,nervjs,2
2007,cntk,403
2007,react,433
2007,spark,444
2007,rust,446
2007,keras,403
2007,incubator,445
2007,redis,373
2007,pandas,403
2007,angular,21
2007,bitcoin,373
2007,curl,19
2007,mesos,0
2007,git,372
2008,vuejs,1890
2008,numpy,1792
2008,scikit,1794
2008,libgit2,0
2008,laravel,1876
2008,luna,3
2008,flask,1728
2008,pytorch,1844
2008,angularjs,3
2008,nervjs,3
2008,mesos,0
2008,react,1844
2008,cntk,1794
2008,git,1727
2008,curl,46
2008,angular,53
2008,rust,1893
2008,redis,1729
2008,keras,1794
2008,pandas,1794
2008,bitcoin,1729
2008,spark,1876
2008,incubator,1890
2008,tensorflow,1729
2008,caffe2,1876
2009,bitcoin,2344
2009,nervjs,5
2009,rust,2652
2009,incubator,2643
2009,cntk,2471
2009,spark,2633
2009,pytorch,2588
2009,laravel,2633
2009,scikit,2471
2009,mesos,0
2009,react,2588
2009,libgit2,0
2009,vuejs,2643
2009,pandas,2471
2009,curl,153
2009,flask,2296
2009,caffe2,2633
2009,tensorflow,2344
2009,keras,2471
2009,angular,158
2009,angularjs,5
2009,numpy,2467
2009,luna,5
2009,redis,2344
2009,git,2289
2010,tensorflow,3175
2010,curl,235
2010,pytorch,3547
2010,bitcoin,3175
2010,flask,3008
2010,vuejs,3637
2010,angularjs,8
2010,nervjs,6
2010,laravel,3620
2010,git,2819
2010,caffe2,3620
2010,cntk,3441
2010,keras,3441
2010,libgit2,0
2010,numpy,3432
2010,mesos,0
2010,rust,3729
2010,pandas,3441
2010,scikit,3441
2010,redis,3119
2010,incubator,3637
2010,spark,3620
2010,angular,250
2010,react,3547
2010,luna,6
2011,vuejs,5378
2011,laravel,5353
2011,redis,4341
2011,luna,10
2011,pytorch,5297
2011,angularjs,14
2011,nervjs,10
2011,spark,5346
2011,keras,5167
2011,numpy,5152
2011,curl,252
2011,rust,5517
2011,scikit,5178
2011,incubator,5378
2011,git,3803
2011,cntk,5178
2011,mesos,1
2011,tensorflow,4638
2011,pandas,5167
2011,libgit2,1
2011,bitcoin,4638
2011,flask,4159
2011,caffe2,5353
2011,angular,275
2011,react,5297
2012,flask,4913
2012,cntk,5725
2012,angularjs,170
2012,vuejs,6039
2012,git,4403
2012,pytorch,5875
2012,redis,5152
2012,numpy,5675
2012,spark,5978
2012,tensorflow,5253
2012,rust,6552
2012,react,5875
2012,curl,434
2012,bitcoin,5253
2012,libgit2,5
2012,pandas,5713
2012,incubator,6039
2012,luna,105
2012,angular,500
2012,keras,5713
2012,laravel,6026
2012,mesos,5
2012,caffe2,6026
2012,scikit,5725
2012,nervjs,105
2013,keras,9494
2013,caffe2,10163
2013,cntk,9521
2013,laravel,10163
2013,git,7275
2013,incubator,10195
2013,libgit2,12
2013,nervjs,106
2013,angularjs,421
2013,rust,11563
2013,redis,8328
2013,numpy,9332
2013,pytorch,9730
2013,tensorflow,8784
2013,mesos,18
2013,angular,1431
2013,curl,723
2013,scikit,9521
2013,flask,8078
2013,bitcoin,8784
2013,react,9730
2013,vuejs,10195
2013,pandas,9494
2013,spark,9822
2013,luna,106
2014,caffe2,14205
2014,nervjs,142
2014,angularjs,859
2014,mesos,19
2014,vuejs,14226
2014,pandas,12699
2014,angular,3445
2014,rust,17216
2014,bitcoin,11682
2014,pytorch,13190
2014,react,13190
2014,libgit2,7
2014,luna,142
2014,cntk,12741
2014,tensorflow,11682
2014,git,9399
2014,numpy,12406
2014,scikit,12741
2014,keras,12699
2014,redis,11068
2014,incubator,14224
2014,curl,1208
2014,flask,10704
2014,laravel,14205
2014,spark,13464
2015,spark,19949
2015,redis,15702
2015,tensorflow,16277
2015,flask,15246
2015,keras,17656
2015,caffe2,20916
2015,laravel,20916
2015,curl,1421
2015,scikit,17725
2015,git,13785
2015,vuejs,20952
2015,libgit2,17
2015,cntk,17725
2015,angular,5007
2015,luna,94
2015,react,19500
2015,mesos,32
2015,pytorch,19500
2015,angularjs,872
2015,incubator,20946
2015,numpy,17263
2015,pandas,17649
2015,nervjs,94
2015,rust,25809
2015,bitcoin,16236
2016,curl,1167
2016,cntk,18068
2016,laravel,23133
2016,angularjs,638
2016,keras,17976
2016,react,21587
2016,bitcoin,16206
2016,mesos,50
2016,redis,15596
2016,nervjs,98
2016,numpy,17366
2016,pytorch,21587
2016,pandas,17956
2016,rust,28523
2016,scikit,18058
2016,caffe2,23133
2016,tensorflow,16407
2016,libgit2,10
2016,flask,15099
2016,angular,5574
2016,incubator,23160
2016,spark,22094
2016,git,13624
2016,vuejs,23282
2016,luna,98
